raw_facet,normalized_facet,category,conversation_observable,sensitivity,scoring_definition,abstention_reason
Risktaking,Risktaking,Personality/Cognitive,True,Low,"Measures the degree of 'Risktaking' expressed in the conversational style, word choice, or self-reported statements. Scale: 1 (Very Low/Absent) to 5 (Very High/Dominant).",
Naivety,Naivety,Personality/Cognitive,True,Low,"Measures the degree of 'Naivety' expressed in the conversational style, word choice, or self-reported statements. Scale: 1 (Very Low/Absent) to 5 (Very High/Dominant).",
Acidity,Acidity,Personality/Cognitive,True,Low,"Measures the degree of 'Acidity' expressed in the conversational style, word choice, or self-reported statements. Scale: 1 (Very Low/Absent) to 5 (Very High/Dominant).",
Democratic Leadership:,Democratic Leadership,Malformed/Header,False,Low,N/A - Non-observable in conversation.,"Header or structural category marker, not a concrete facet."
Common-sense,Common-sense,Personality/Cognitive,True,Low,"Measures the degree of 'Common-sense' expressed in the conversational style, word choice, or self-reported statements. Scale: 1 (Very Low/Absent) to 5 (Very High/Dominant).",
Hesitation,Hesitation,Personality/Cognitive,True,Low,"Measures the degree of 'Hesitation' expressed in the conversational style, word choice, or self-reported statements. Scale: 1 (Very Low/Absent) to 5 (Very High/Dominant).",
Discontentment,Discontentment,Personality/Cognitive,True,Low,"Measures the degree of 'Discontentment' expressed in the conversational style, word choice, or self-reported statements. Scale: 1 (Very Low/Absent) to 5 (Very High/Dominant).",
Overprotectiveness,Overprotectiveness,Personality/Cognitive,True,Low,"Measures the degree of 'Overprotectiveness' expressed in the conversational style, word choice, or self-reported statements. Scale: 1 (Very Low/Absent) to 5 (Very High/Dominant).",
Merriness,Merriness,Personality/Cognitive,True,Low,"Measures the degree of 'Merriness' expressed in the conversational style, word choice, or self-reported statements. Scale: 1 (Very Low/Absent) to 5 (Very High/Dominant).",
Emotionalism,Emotionalism,Personality/Cognitive,True,Low,"Measures the degree of 'Emotionalism' expressed in the conversational style, word choice, or self-reported statements. Scale: 1 (Very Low/Absent) to 5 (Very High/Dominant).",
Self-improvement,Self-improvement,Personality/Cognitive,True,Low,"Measures the degree of 'Self-improvement' expressed in the conversational style, word choice, or self-reported statements. Scale: 1 (Very Low/Absent) to 5 (Very High/Dominant).",
Statistical Reasoning,Statistical Reasoning,Personality/Cognitive,True,Low,"Measures the degree of 'Statistical Reasoning' expressed in the conversational style, word choice, or self-reported statements. Scale: 1 (Very Low/Absent) to 5 (Very High/Dominant).",
Assertiveness and control in relationships,Assertiveness and control in relationships,Personality/Cognitive,True,Low,"Measures the degree of 'Assertiveness and control in relationships' expressed in the conversational style, word choice, or self-reported statements. Scale: 1 (Very Low/Absent) to 5 (Very High/Dominant).",
Cunningness,Cunningness,Personality/Cognitive,True,Low,"Measures the degree of 'Cunningness' expressed in the conversational style, word choice, or self-reported statements. Scale: 1 (Very Low/Absent) to 5 (Very High/Dominant).",
Adventure-Seeking Behavior,Adventure-Seeking Behavior,Personality/Cognitive,True,Low,"Measures the degree of 'Adventure-Seeking Behavior' expressed in the conversational style, word choice, or self-reported statements. Scale: 1 (Very Low/Absent) to 5 (Very High/Dominant).",
Compassion Fatigue,Compassion Fatigue,Personality/Cognitive,True,Low,"Measures the degree of 'Compassion Fatigue' expressed in the conversational style, word choice, or self-reported statements. Scale: 1 (Very Low/Absent) to 5 (Very High/Dominant).",
Moroseness,Moroseness,Personality/Cognitive,True,Low,"Measures the degree of 'Moroseness' expressed in the conversational style, word choice, or self-reported statements. Scale: 1 (Very Low/Absent) to 5 (Very High/Dominant).",
Specialist,Specialist,Personality/Cognitive,True,Low,"Measures the degree of 'Specialist' expressed in the conversational style, word choice, or self-reported statements. Scale: 1 (Very Low/Absent) to 5 (Very High/Dominant).",
Aloofness,Aloofness,Personality/Cognitive,True,Low,"Measures the degree of 'Aloofness' expressed in the conversational style, word choice, or self-reported statements. Scale: 1 (Very Low/Absent) to 5 (Very High/Dominant).",
Genuine,Genuine,Personality/Cognitive,True,Low,"Measures the degree of 'Genuine' expressed in the conversational style, word choice, or self-reported statements. Scale: 1 (Very Low/Absent) to 5 (Very High/Dominant).",
Determinedness,Determinedness,Personality/Cognitive,True,Low,"Measures the degree of 'Determinedness' expressed in the conversational style, word choice, or self-reported statements. Scale: 1 (Very Low/Absent) to 5 (Very High/Dominant).",
HonestyHumility:,HonestyHumility,Malformed/Header,False,Low,N/A - Non-observable in conversation.,"Header or structural category marker, not a concrete facet."
Relationship Building Themes:,Relationship Building Themes,Malformed/Header,False,Low,N/A - Non-observable in conversation.,"Header or structural category marker, not a concrete facet."
Pure Challenge,Pure Challenge,Personality/Cognitive,True,Low,"Measures the degree of 'Pure Challenge' expressed in the conversational style, word choice, or self-reported statements. Scale: 1 (Very Low/Absent) to 5 (Very High/Dominant).",
Numerical Reasoning Subcomponents:,Numerical Reasoning Subcomponents,Malformed/Header,False,Low,N/A - Non-observable in conversation.,"Header or structural category marker, not a concrete facet."
Openness,Openness,Personality/Cognitive,True,Low,"Measures the degree of 'Openness' expressed in the conversational style, word choice, or self-reported statements. Scale: 1 (Very Low/Absent) to 5 (Very High/Dominant).",
SelfEsteem,SelfEsteem,Personality/Cognitive,True,Low,"Measures the degree of 'SelfEsteem' expressed in the conversational style, word choice, or self-reported statements. Scale: 1 (Very Low/Absent) to 5 (Very High/Dominant).",
Comparing alphanumeric data,Comparing alphanumeric data,Personality/Cognitive,True,Low,"Measures the degree of 'Comparing alphanumeric data' expressed in the conversational style, word choice, or self-reported statements. Scale: 1 (Very Low/Absent) to 5 (Very High/Dominant).",
Big-heartedness,Big-heartedness,Personality/Cognitive,True,Low,"Measures the degree of 'Big-heartedness' expressed in the conversational style, word choice, or self-reported statements. Scale: 1 (Very Low/Absent) to 5 (Very High/Dominant).",
Compulsive activities,Compulsive activities,Personality/Cognitive,True,Low,"Measures the degree of 'Compulsive activities' expressed in the conversational style, word choice, or self-reported statements. Scale: 1 (Very Low/Absent) to 5 (Very High/Dominant).",
Disrespect,Disrespect,Personality/Cognitive,True,Low,"Measures the degree of 'Disrespect' expressed in the conversational style, word choice, or self-reported statements. Scale: 1 (Very Low/Absent) to 5 (Very High/Dominant).",
FSH level,FSH level,Medical/Physiological,False,High,N/A - Non-observable in conversation.,"Requires physiological testing, laboratory analysis, or clinical diagnostic tools not available in conversation."
Self Perspective,Self Perspective,Personality/Cognitive,True,Low,"Measures the degree of 'Self Perspective' expressed in the conversational style, word choice, or self-reported statements. Scale: 1 (Very Low/Absent) to 5 (Very High/Dominant).",
Desperation,Desperation,Personality/Cognitive,True,Low,"Measures the degree of 'Desperation' expressed in the conversational style, word choice, or self-reported statements. Scale: 1 (Very Low/Absent) to 5 (Very High/Dominant).",
Affiliation Motivation:,Affiliation Motivation,Malformed/Header,False,Low,N/A - Non-observable in conversation.,"Header or structural category marker, not a concrete facet."
Anatomy knowledge,Anatomy knowledge,Personality/Cognitive,True,Low,"Measures the degree of 'Anatomy knowledge' expressed in the conversational style, word choice, or self-reported statements. Scale: 1 (Very Low/Absent) to 5 (Very High/Dominant).",
Passive-Aggressive,Passive-Aggressive,Personality/Cognitive,True,Low,"Measures the degree of 'Passive-Aggressive' expressed in the conversational style, word choice, or self-reported statements. Scale: 1 (Very Low/Absent) to 5 (Very High/Dominant).",
Presence of Spiritual Pain,Presence of Spiritual Pain,Spiritual/Cultural,False,Medium,N/A - Non-observable in conversation.,Spiritual metrics and practice counts require biographical history or external logs.
Role of Spirituality in Community Involvement,Role of Spirituality in Community Involvement,Spiritual/Cultural,False,Medium,N/A - Non-observable in conversation.,Spiritual metrics and practice counts require biographical history or external logs.
Structure,Structure,Personality/Cognitive,True,Low,"Measures the degree of 'Structure' expressed in the conversational style, word choice, or self-reported statements. Scale: 1 (Very Low/Absent) to 5 (Very High/Dominant).",
Eco-tourism trips,Eco-tourism trips,Biographical/External,False,Medium,N/A - Non-observable in conversation.,"Requires access to objective external records, biographical history, or quantitative tracking outside the conversation."
Chivalrousness,Chivalrousness,Personality/Cognitive,True,Low,"Measures the degree of 'Chivalrousness' expressed in the conversational style, word choice, or self-reported statements. Scale: 1 (Very Low/Absent) to 5 (Very High/Dominant).",
Pilgrimage participation count,Pilgrimage participation count,Spiritual/Cultural,False,Medium,N/A - Non-observable in conversation.,Spiritual metrics and practice counts require biographical history or external logs.
Mindfulness facet: Observing,Mindfulness facet: Observing,Personality/Cognitive,True,Low,"Measures the degree of 'Mindfulness facet: Observing' expressed in the conversational style, word choice, or self-reported statements. Scale: 1 (Very Low/Absent) to 5 (Very High/Dominant).",
Submissiveness,Submissiveness,Personality/Cognitive,True,Low,"Measures the degree of 'Submissiveness' expressed in the conversational style, word choice, or self-reported statements. Scale: 1 (Very Low/Absent) to 5 (Very High/Dominant).",
Training-cycle length,Training-cycle length,Personality/Cognitive,True,Low,"Measures the degree of 'Training-cycle length' expressed in the conversational style, word choice, or self-reported statements. Scale: 1 (Very Low/Absent) to 5 (Very High/Dominant).",
Sensitiveness,Sensitiveness,Personality/Cognitive,True,Low,"Measures the degree of 'Sensitiveness' expressed in the conversational style, word choice, or self-reported statements. Scale: 1 (Very Low/Absent) to 5 (Very High/Dominant).",
Negative Affect Frequency,Negative Affect Frequency,Biographical/External,False,Medium,N/A - Non-observable in conversation.,"Requires access to objective external records, biographical history, or quantitative tracking outside the conversation."
Innovation and Creativity Components:,Innovation and Creativity Components,Malformed/Header,False,Low,N/A - Non-observable in conversation.,"Header or structural category marker, not a concrete facet."
Achievement Motivation:,Achievement Motivation,Malformed/Header,False,Low,N/A - Non-observable in conversation.,"Header or structural category marker, not a concrete facet."
Feedback-giving frequency,Feedback-giving frequency,Biographical/External,False,Medium,N/A - Non-observable in conversation.,"Requires access to objective external records, biographical history, or quantitative tracking outside the conversation."
Dance-cardio sessions,Dance-cardio sessions,Personality/Cognitive,True,Low,"Measures the degree of 'Dance-cardio sessions' expressed in the conversational style, word choice, or self-reported statements. Scale: 1 (Very Low/Absent) to 5 (Very High/Dominant).",
Enthusiasm,Enthusiasm,Personality/Cognitive,True,Low,"Measures the degree of 'Enthusiasm' expressed in the conversational style, word choice, or self-reported statements. Scale: 1 (Very Low/Absent) to 5 (Very High/Dominant).",
Psychological construct: Social Desirability tendency,Psychological construct: Social Desirability tendency,Personality/Cognitive,True,Low,"Measures the degree of 'Psychological construct: Social Desirability tendency' expressed in the conversational style, word choice, or self-reported statements. Scale: 1 (Very Low/Absent) to 5 (Very High/Dominant).",
Inattentiveness,Inattentiveness,Personality/Cognitive,True,Low,"Measures the degree of 'Inattentiveness' expressed in the conversational style, word choice, or self-reported statements. Scale: 1 (Very Low/Absent) to 5 (Very High/Dominant).",
Unassertiveness,Unassertiveness,Personality/Cognitive,True,Low,"Measures the degree of 'Unassertiveness' expressed in the conversational style, word choice, or self-reported statements. Scale: 1 (Very Low/Absent) to 5 (Very High/Dominant).",
Decision-making decisiveness,Decision-making decisiveness,Personality/Cognitive,True,Low,"Measures the degree of 'Decision-making decisiveness' expressed in the conversational style, word choice, or self-reported statements. Scale: 1 (Very Low/Absent) to 5 (Very High/Dominant).",
Sense-of-coherence score,Sense-of-coherence score,Personality/Cognitive,True,Low,"Measures the degree of 'Sense-of-coherence score' expressed in the conversational style, word choice, or self-reported statements. Scale: 1 (Very Low/Absent) to 5 (Very High/Dominant).",
Justice-mindedness,Justice-mindedness,Personality/Cognitive,True,Low,"Measures the degree of 'Justice-mindedness' expressed in the conversational style, word choice, or self-reported statements. Scale: 1 (Very Low/Absent) to 5 (Very High/Dominant).",
Subscription count,Subscription count,Biographical/External,False,Medium,N/A - Non-observable in conversation.,"Requires access to objective external records, biographical history, or quantitative tracking outside the conversation."
Depression Symptoms,Depression Symptoms,Medical/Physiological,False,High,N/A - Non-observable in conversation.,"Requires physiological testing, laboratory analysis, or clinical diagnostic tools not available in conversation."
Spatial perception,Spatial perception,Personality/Cognitive,True,Low,"Measures the degree of 'Spatial perception' expressed in the conversational style, word choice, or self-reported statements. Scale: 1 (Very Low/Absent) to 5 (Very High/Dominant).",
Brevity,Brevity,Personality/Cognitive,True,Low,Scores from 1 (very brief/quiet) to 5 (extremely talkative/elaborative) based on sentence length and text volume.,
Orderliness,Orderliness,Personality/Cognitive,True,Low,"Measures the degree of 'Orderliness' expressed in the conversational style, word choice, or self-reported statements. Scale: 1 (Very Low/Absent) to 5 (Very High/Dominant).",
Multiculturalism,Multiculturalism,Personality/Cognitive,True,Low,"Measures the degree of 'Multiculturalism' expressed in the conversational style, word choice, or self-reported statements. Scale: 1 (Very Low/Absent) to 5 (Very High/Dominant).",
Creative risk-taking tendency,Creative risk-taking tendency,Personality/Cognitive,True,Low,"Measures the degree of 'Creative risk-taking tendency' expressed in the conversational style, word choice, or self-reported statements. Scale: 1 (Very Low/Absent) to 5 (Very High/Dominant).",
Inefficiency,Inefficiency,Personality/Cognitive,True,Low,"Measures the degree of 'Inefficiency' expressed in the conversational style, word choice, or self-reported statements. Scale: 1 (Very Low/Absent) to 5 (Very High/Dominant).",
Network basics,Network basics,Personality/Cognitive,True,Low,"Measures the degree of 'Network basics' expressed in the conversational style, word choice, or self-reported statements. Scale: 1 (Very Low/Absent) to 5 (Very High/Dominant).",
Alphabetical filing skills,Alphabetical filing skills,Personality/Cognitive,True,Low,"Measures the degree of 'Alphabetical filing skills' expressed in the conversational style, word choice, or self-reported statements. Scale: 1 (Very Low/Absent) to 5 (Very High/Dominant).",
Work Styles,Work Styles,Personality/Cognitive,True,Low,"Measures the degree of 'Work Styles' expressed in the conversational style, word choice, or self-reported statements. Scale: 1 (Very Low/Absent) to 5 (Very High/Dominant).",
Character strength: Perseverance,Character strength: Perseverance,Personality/Cognitive,True,Low,"Measures the degree of 'Character strength: Perseverance' expressed in the conversational style, word choice, or self-reported statements. Scale: 1 (Very Low/Absent) to 5 (Very High/Dominant).",
Competition,Competition,Personality/Cognitive,True,Low,"Measures the degree of 'Competition' expressed in the conversational style, word choice, or self-reported statements. Scale: 1 (Very Low/Absent) to 5 (Very High/Dominant).",
Logical Sequence Identification,Logical Sequence Identification,Personality/Cognitive,True,Low,"Measures the degree of 'Logical Sequence Identification' expressed in the conversational style, word choice, or self-reported statements. Scale: 1 (Very Low/Absent) to 5 (Very High/Dominant).",
Sustainable-transport usage,Sustainable-transport usage,Biographical/External,False,Medium,N/A - Non-observable in conversation.,"Requires access to objective external records, biographical history, or quantitative tracking outside the conversation."
Hardworking,Hardworking,Personality/Cognitive,True,Low,"Measures the degree of 'Hardworking' expressed in the conversational style, word choice, or self-reported statements. Scale: 1 (Very Low/Absent) to 5 (Very High/Dominant).",
Emotional-intelligence measure: Impulsiveness,Emotional-intelligence measure: Impulsiveness,Personality/Cognitive,True,Low,"Measures the degree of 'Emotional-intelligence measure: Impulsiveness' expressed in the conversational style, word choice, or self-reported statements. Scale: 1 (Very Low/Absent) to 5 (Very High/Dominant).",
Dishonesty,Dishonesty,Personality/Cognitive,True,Low,"Measures the degree of 'Dishonesty' expressed in the conversational style, word choice, or self-reported statements. Scale: 1 (Very Low/Absent) to 5 (Very High/Dominant).",
Preferred epistemology,Preferred epistemology,Personality/Cognitive,True,Low,"Measures the degree of 'Preferred epistemology' expressed in the conversational style, word choice, or self-reported statements. Scale: 1 (Very Low/Absent) to 5 (Very High/Dominant).",
Memory for Sounds,Memory for Sounds,Personality/Cognitive,True,Low,"Measures the degree of 'Memory for Sounds' expressed in the conversational style, word choice, or self-reported statements. Scale: 1 (Very Low/Absent) to 5 (Very High/Dominant).",
Sportsmanship rating,Sportsmanship rating,Personality/Cognitive,True,Low,"Measures the degree of 'Sportsmanship rating' expressed in the conversational style, word choice, or self-reported statements. Scale: 1 (Very Low/Absent) to 5 (Very High/Dominant).",
Immaturity,Immaturity,Personality/Cognitive,True,Low,"Measures the degree of 'Immaturity' expressed in the conversational style, word choice, or self-reported statements. Scale: 1 (Very Low/Absent) to 5 (Very High/Dominant).",
Health-literacy level,Health-literacy level,Personality/Cognitive,True,Low,"Measures the degree of 'Health-literacy level' expressed in the conversational style, word choice, or self-reported statements. Scale: 1 (Very Low/Absent) to 5 (Very High/Dominant).",
Estimating Calculations,Estimating Calculations,Personality/Cognitive,True,Low,"Measures the degree of 'Estimating Calculations' expressed in the conversational style, word choice, or self-reported statements. Scale: 1 (Very Low/Absent) to 5 (Very High/Dominant).",
Depression: Feelings of sadness and hopelessness,Depression: Feelings of sadness and hopelessness,Medical/Physiological,False,High,N/A - Non-observable in conversation.,"Requires physiological testing, laboratory analysis, or clinical diagnostic tools not available in conversation."
Synthesis of information,Synthesis of information,Personality/Cognitive,True,Low,"Measures the degree of 'Synthesis of information' expressed in the conversational style, word choice, or self-reported statements. Scale: 1 (Very Low/Absent) to 5 (Very High/Dominant).",
Leadership Potential:,Leadership Potential,Malformed/Header,False,Low,N/A - Non-observable in conversation.,"Header or structural category marker, not a concrete facet."
Ethical standards,Ethical standards,Personality/Cognitive,True,Low,"Measures the degree of 'Ethical standards' expressed in the conversational style, word choice, or self-reported statements. Scale: 1 (Very Low/Absent) to 5 (Very High/Dominant).",
High-spiritedness,High-spiritedness,Spiritual/Cultural,False,Medium,N/A - Non-observable in conversation.,Spiritual metrics and practice counts require biographical history or external logs.
Critical reasoning,Critical reasoning,Personality/Cognitive,True,Low,"Measures the degree of 'Critical reasoning' expressed in the conversational style, word choice, or self-reported statements. Scale: 1 (Very Low/Absent) to 5 (Very High/Dominant).",
Sleep-disorder diagnosis,Sleep-disorder diagnosis,Medical/Physiological,False,High,N/A - Non-observable in conversation.,"Requires physiological testing, laboratory analysis, or clinical diagnostic tools not available in conversation."
Listening Skills Subcomponents:,Listening Skills Subcomponents,Malformed/Header,False,Low,N/A - Non-observable in conversation.,"Header or structural category marker, not a concrete facet."
Collaboration,Collaboration,Personality/Cognitive,True,Low,"Measures the degree of 'Collaboration' expressed in the conversational style, word choice, or self-reported statements. Scale: 1 (Very Low/Absent) to 5 (Very High/Dominant).",
Precision of Movements,Precision of Movements,Personality/Cognitive,True,Low,"Measures the degree of 'Precision of Movements' expressed in the conversational style, word choice, or self-reported statements. Scale: 1 (Very Low/Absent) to 5 (Very High/Dominant).",
Social Boldness,Social Boldness,Personality/Cognitive,True,Low,"Measures the degree of 'Social Boldness' expressed in the conversational style, word choice, or self-reported statements. Scale: 1 (Very Low/Absent) to 5 (Very High/Dominant).",
Auditory memory,Auditory memory,Personality/Cognitive,True,Low,"Measures the degree of 'Auditory memory' expressed in the conversational style, word choice, or self-reported statements. Scale: 1 (Very Low/Absent) to 5 (Very High/Dominant).",
Psychomotor Ability Subcomponents:,Psychomotor Ability Subcomponents,Malformed/Header,False,Low,N/A - Non-observable in conversation.,"Header or structural category marker, not a concrete facet."
Organized lifestyle,Organized lifestyle,Personality/Cognitive,True,Low,"Measures the degree of 'Organized lifestyle' expressed in the conversational style, word choice, or self-reported statements. Scale: 1 (Very Low/Absent) to 5 (Very High/Dominant).",
Skill-endorsements count,Skill-endorsements count,Biographical/External,False,Medium,N/A - Non-observable in conversation.,"Requires access to objective external records, biographical history, or quantitative tracking outside the conversation."
Mysteriousness,Mysteriousness,Personality/Cognitive,True,Low,"Measures the degree of 'Mysteriousness' expressed in the conversational style, word choice, or self-reported statements. Scale: 1 (Very Low/Absent) to 5 (Very High/Dominant).",
Cultural Identity,Cultural Identity,Personality/Cognitive,True,Low,"Measures the degree of 'Cultural Identity' expressed in the conversational style, word choice, or self-reported statements. Scale: 1 (Very Low/Absent) to 5 (Very High/Dominant).",
Intrinsic Motivation,Intrinsic Motivation,Personality/Cognitive,True,Low,"Measures the degree of 'Intrinsic Motivation' expressed in the conversational style, word choice, or self-reported statements. Scale: 1 (Very Low/Absent) to 5 (Very High/Dominant).",
Impartial-mindedness,Impartial-mindedness,Personality/Cognitive,True,Low,"Measures the degree of 'Impartial-mindedness' expressed in the conversational style, word choice, or self-reported statements. Scale: 1 (Very Low/Absent) to 5 (Very High/Dominant).",
Burnout Symptoms,Burnout Symptoms,Medical/Physiological,False,High,N/A - Non-observable in conversation.,"Requires physiological testing, laboratory analysis, or clinical diagnostic tools not available in conversation."
Holiness,Holiness,Spiritual/Cultural,False,Medium,N/A - Non-observable in conversation.,Spiritual metrics and practice counts require biographical history or external logs.
Selfcontrol,Selfcontrol,Personality/Cognitive,True,Low,"Measures the degree of 'Selfcontrol' expressed in the conversational style, word choice, or self-reported statements. Scale: 1 (Very Low/Absent) to 5 (Very High/Dominant).",
SelfDirectedness,SelfDirectedness,Personality/Cognitive,True,Low,"Measures the degree of 'SelfDirectedness' expressed in the conversational style, word choice, or self-reported statements. Scale: 1 (Very Low/Absent) to 5 (Very High/Dominant).",
Encouraging participation,Encouraging participation,Personality/Cognitive,True,Low,"Measures the degree of 'Encouraging participation' expressed in the conversational style, word choice, or self-reported statements. Scale: 1 (Very Low/Absent) to 5 (Very High/Dominant).",
Impracticalness,Impracticalness,Personality/Cognitive,True,Low,"Measures the degree of 'Impracticalness' expressed in the conversational style, word choice, or self-reported statements. Scale: 1 (Very Low/Absent) to 5 (Very High/Dominant).",
Meeting Deadlines,Meeting Deadlines,Personality/Cognitive,True,Low,"Measures the degree of 'Meeting Deadlines' expressed in the conversational style, word choice, or self-reported statements. Scale: 1 (Very Low/Absent) to 5 (Very High/Dominant).",
Data Analysis,Data Analysis,Personality/Cognitive,True,Low,"Measures the degree of 'Data Analysis' expressed in the conversational style, word choice, or self-reported statements. Scale: 1 (Very Low/Absent) to 5 (Very High/Dominant).",
Social Interaction Skills,Social Interaction Skills,Personality/Cognitive,True,Low,"Measures the degree of 'Social Interaction Skills' expressed in the conversational style, word choice, or self-reported statements. Scale: 1 (Very Low/Absent) to 5 (Very High/Dominant).",
Psychoticism,Psychoticism,Medical/Physiological,False,High,N/A - Non-observable in conversation.,"Requires physiological testing, laboratory analysis, or clinical diagnostic tools not available in conversation."
Ethical leadership rating,Ethical leadership rating,Personality/Cognitive,True,Low,"Measures the degree of 'Ethical leadership rating' expressed in the conversational style, word choice, or self-reported statements. Scale: 1 (Very Low/Absent) to 5 (Very High/Dominant).",
Slothfulness,Slothfulness,Personality/Cognitive,True,Low,"Measures the degree of 'Slothfulness' expressed in the conversational style, word choice, or self-reported statements. Scale: 1 (Very Low/Absent) to 5 (Very High/Dominant).",
Happiness,Happiness,Personality/Cognitive,True,Low,"Measures the degree of 'Happiness' expressed in the conversational style, word choice, or self-reported statements. Scale: 1 (Very Low/Absent) to 5 (Very High/Dominant).",
Contentment Levels,Contentment Levels,Personality/Cognitive,True,Low,"Measures the degree of 'Contentment Levels' expressed in the conversational style, word choice, or self-reported statements. Scale: 1 (Very Low/Absent) to 5 (Very High/Dominant).",
Neuroticism,Neuroticism,Personality/Cognitive,True,Low,"Measures the degree of 'Neuroticism' expressed in the conversational style, word choice, or self-reported statements. Scale: 1 (Very Low/Absent) to 5 (Very High/Dominant).",
Desire for excellence,Desire for excellence,Personality/Cognitive,True,Low,"Measures the degree of 'Desire for excellence' expressed in the conversational style, word choice, or self-reported statements. Scale: 1 (Very Low/Absent) to 5 (Very High/Dominant).",
Perceiving,Perceiving,Personality/Cognitive,True,Low,"Measures the degree of 'Perceiving' expressed in the conversational style, word choice, or self-reported statements. Scale: 1 (Very Low/Absent) to 5 (Very High/Dominant).",
Liberalism,Liberalism,Personality/Cognitive,True,Low,"Measures the degree of 'Liberalism' expressed in the conversational style, word choice, or self-reported statements. Scale: 1 (Very Low/Absent) to 5 (Very High/Dominant).",
Inversion comfort level,Inversion comfort level,Personality/Cognitive,True,Low,"Measures the degree of 'Inversion comfort level' expressed in the conversational style, word choice, or self-reported statements. Scale: 1 (Very Low/Absent) to 5 (Very High/Dominant).",
Affection,Affection,Personality/Cognitive,True,Low,"Measures the degree of 'Affection' expressed in the conversational style, word choice, or self-reported statements. Scale: 1 (Very Low/Absent) to 5 (Very High/Dominant).",
Numeric Filing Skills,Numeric Filing Skills,Personality/Cognitive,True,Low,"Measures the degree of 'Numeric Filing Skills' expressed in the conversational style, word choice, or self-reported statements. Scale: 1 (Very Low/Absent) to 5 (Very High/Dominant).",
Martyrdom,Martyrdom,Personality/Cognitive,True,Low,"Measures the degree of 'Martyrdom' expressed in the conversational style, word choice, or self-reported statements. Scale: 1 (Very Low/Absent) to 5 (Very High/Dominant).",
Parathyroid-hormone level,Parathyroid-hormone level,Medical/Physiological,False,High,N/A - Non-observable in conversation.,"Requires physiological testing, laboratory analysis, or clinical diagnostic tools not available in conversation."
Seeking approval,Seeking approval,Personality/Cognitive,True,Low,"Measures the degree of 'Seeking approval' expressed in the conversational style, word choice, or self-reported statements. Scale: 1 (Very Low/Absent) to 5 (Very High/Dominant).",
Judging (J):,Judging (J),Malformed/Header,False,Low,N/A - Non-observable in conversation.,"Header or structural category marker, not a concrete facet."
Big Five facet Openness – Artistic Interests,Big Five facet Openness – Artistic Interests,Personality/Cognitive,True,Low,"Measures the degree of 'Big Five facet Openness – Artistic Interests' expressed in the conversational style, word choice, or self-reported statements. Scale: 1 (Very Low/Absent) to 5 (Very High/Dominant).",
Psychological construct: Operant-Learning rate,Psychological construct: Operant-Learning rate,Biographical/External,False,Medium,N/A - Non-observable in conversation.,"Requires access to objective external records, biographical history, or quantitative tracking outside the conversation."
Psychological construct: Need for Achievement level,Psychological construct: Need for Achievement level,Personality/Cognitive,True,Low,"Measures the degree of 'Psychological construct: Need for Achievement level' expressed in the conversational style, word choice, or self-reported statements. Scale: 1 (Very Low/Absent) to 5 (Very High/Dominant).",
Cantankerousness,Cantankerousness,Personality/Cognitive,True,Low,"Measures the degree of 'Cantankerousness' expressed in the conversational style, word choice, or self-reported statements. Scale: 1 (Very Low/Absent) to 5 (Very High/Dominant).",
Material properties knowledge,Material properties knowledge,Personality/Cognitive,True,Low,"Measures the degree of 'Material properties knowledge' expressed in the conversational style, word choice, or self-reported statements. Scale: 1 (Very Low/Absent) to 5 (Very High/Dominant).",
Hostility,Hostility,Personality/Cognitive,True,Low,"Scores from 1 (exceptionally polite/calm) to 5 (highly argumentative, hostile, or angry tone).",
Independence,Independence,Personality/Cognitive,True,Low,"Measures the degree of 'Independence' expressed in the conversational style, word choice, or self-reported statements. Scale: 1 (Very Low/Absent) to 5 (Very High/Dominant).",
800. Sufi practice: Sufi retreat attendance count,Sufi practice: Sufi retreat attendance count,Spiritual/Cultural,False,Medium,N/A - Non-observable in conversation.,Spiritual metrics and practice counts require biographical history or external logs.
Chromatin-accessibility score,Chromatin-accessibility score,Medical/Physiological,False,High,N/A - Non-observable in conversation.,"Requires physiological testing, laboratory analysis, or clinical diagnostic tools not available in conversation."
644. Spiritual virtue: Humility practice index,Spiritual virtue: Humility practice index,Spiritual/Cultural,True,Medium,"Measures the degree of 'Spiritual virtue: Humility practice index' expressed in the conversational style, word choice, or self-reported statements. Scale: 1 (Very Low/Absent) to 5 (Very High/Dominant).",
754. I Ching hexagram 36 resonance level,I Ching hexagram 36 resonance level,Spiritual/Cultural,False,Medium,N/A - Non-observable in conversation.,Spiritual metrics and practice counts require biographical history or external logs.
Well-being component: Engagement,Well-being component: Engagement,Personality/Cognitive,True,Low,"Measures the degree of 'Well-being component: Engagement' expressed in the conversational style, word choice, or self-reported statements. Scale: 1 (Very Low/Absent) to 5 (Very High/Dominant).",
Need for social interaction,Need for social interaction,Personality/Cognitive,True,Low,"Measures the degree of 'Need for social interaction' expressed in the conversational style, word choice, or self-reported statements. Scale: 1 (Very Low/Absent) to 5 (Very High/Dominant).",
Peer-collaboration hours,Peer-collaboration hours,Personality/Cognitive,True,Low,"Measures the degree of 'Peer-collaboration hours' expressed in the conversational style, word choice, or self-reported statements. Scale: 1 (Very Low/Absent) to 5 (Very High/Dominant).",
Arts and Humanities,Arts and Humanities,Personality/Cognitive,True,Low,"Measures the degree of 'Arts and Humanities' expressed in the conversational style, word choice, or self-reported statements. Scale: 1 (Very Low/Absent) to 5 (Very High/Dominant).",
596. Religious practice: Quran khatam cycles per year,Religious practice: Quran khatam cycles per year,Spiritual/Cultural,False,Medium,N/A - Non-observable in conversation.,Spiritual metrics and practice counts require biographical history or external logs.
926. Bahá’í spiritual metric: Ridván festival participation,Bahá’í spiritual metric: Ridván festival participation,Spiritual/Cultural,False,Medium,N/A - Non-observable in conversation.,Spiritual metrics and practice counts require biographical history or external logs.
Compassion,Compassion,Personality/Cognitive,True,Low,"Measures the degree of 'Compassion' expressed in the conversational style, word choice, or self-reported statements. Scale: 1 (Very Low/Absent) to 5 (Very High/Dominant).",
Information Retention,Information Retention,Personality/Cognitive,True,Low,"Measures the degree of 'Information Retention' expressed in the conversational style, word choice, or self-reported statements. Scale: 1 (Very Low/Absent) to 5 (Very High/Dominant).",
Eye-contact duration,Eye-contact duration,Personality/Cognitive,True,Low,"Measures the degree of 'Eye-contact duration' expressed in the conversational style, word choice, or self-reported statements. Scale: 1 (Very Low/Absent) to 5 (Very High/Dominant).",
Self-righteousness,Self-righteousness,Personality/Cognitive,True,Low,"Measures the degree of 'Self-righteousness' expressed in the conversational style, word choice, or self-reported statements. Scale: 1 (Very Low/Absent) to 5 (Very High/Dominant).",
General Mood and Attitude,General Mood and Attitude,Medical/Physiological,False,High,N/A - Non-observable in conversation.,"Requires physiological testing, laboratory analysis, or clinical diagnostic tools not available in conversation."
Serotonin transporter availability,Serotonin transporter availability,Medical/Physiological,False,High,N/A - Non-observable in conversation.,"Requires physiological testing, laboratory analysis, or clinical diagnostic tools not available in conversation."
Contribution to Group Goals,Contribution to Group Goals,Personality/Cognitive,True,Low,"Measures the degree of 'Contribution to Group Goals' expressed in the conversational style, word choice, or self-reported statements. Scale: 1 (Very Low/Absent) to 5 (Very High/Dominant).",
Dignity,Dignity,Personality/Cognitive,True,Low,"Measures the degree of 'Dignity' expressed in the conversational style, word choice, or self-reported statements. Scale: 1 (Very Low/Absent) to 5 (Very High/Dominant).",
HEXACO Personality Inventory Facets:,HEXACO Personality Inventory Facets,Malformed/Header,False,Low,N/A - Non-observable in conversation.,"Header or structural category marker, not a concrete facet."
Evaluating Solutions,Evaluating Solutions,Personality/Cognitive,True,Low,"Measures the degree of 'Evaluating Solutions' expressed in the conversational style, word choice, or self-reported statements. Scale: 1 (Very Low/Absent) to 5 (Very High/Dominant).",
Input,Input,Personality/Cognitive,True,Low,"Measures the degree of 'Input' expressed in the conversational style, word choice, or self-reported statements. Scale: 1 (Very Low/Absent) to 5 (Very High/Dominant).",
Discreteness,Discreteness,Personality/Cognitive,True,Low,"Measures the degree of 'Discreteness' expressed in the conversational style, word choice, or self-reported statements. Scale: 1 (Very Low/Absent) to 5 (Very High/Dominant).",
607. Energy-healing practice: Reiki sessions / year,Energy-healing practice: Reiki sessions / year,Spiritual/Cultural,False,Medium,N/A - Non-observable in conversation.,Spiritual metrics and practice counts require biographical history or external logs.
692. Astrology: Rising sign is Scorpio,Astrology: Rising sign is Scorpio,Spiritual/Cultural,False,Medium,N/A - Non-observable in conversation.,Spiritual metrics and practice counts require biographical history or external logs.
Character strength: Social Intelligence,Character strength: Social Intelligence,Personality/Cognitive,True,Low,"Measures the degree of 'Character strength: Social Intelligence' expressed in the conversational style, word choice, or self-reported statements. Scale: 1 (Very Low/Absent) to 5 (Very High/Dominant).",
Bravery,Bravery,Personality/Cognitive,True,Low,"Measures the degree of 'Bravery' expressed in the conversational style, word choice, or self-reported statements. Scale: 1 (Very Low/Absent) to 5 (Very High/Dominant).",
Childhood Experiences,Childhood Experiences,Personality/Cognitive,True,Low,"Measures the degree of 'Childhood Experiences' expressed in the conversational style, word choice, or self-reported statements. Scale: 1 (Very Low/Absent) to 5 (Very High/Dominant).",
Data-sharing consent level,Data-sharing consent level,Biographical/External,False,Medium,N/A - Non-observable in conversation.,"Requires access to objective external records, biographical history, or quantitative tracking outside the conversation."
Vision-check frequency,Vision-check frequency,Biographical/External,False,Medium,N/A - Non-observable in conversation.,"Requires access to objective external records, biographical history, or quantitative tracking outside the conversation."
Physical-violence exposure,Physical-violence exposure,Biographical/External,False,Medium,N/A - Non-observable in conversation.,"Requires access to objective external records, biographical history, or quantitative tracking outside the conversation."
Macronutrient ratio: fat,Macronutrient ratio: fat,Personality/Cognitive,True,Low,"Measures the degree of 'Macronutrient ratio: fat' expressed in the conversational style, word choice, or self-reported statements. Scale: 1 (Very Low/Absent) to 5 (Very High/Dominant).",
Cooking and Culinary Arts,Cooking and Culinary Arts,Personality/Cognitive,True,Low,"Measures the degree of 'Cooking and Culinary Arts' expressed in the conversational style, word choice, or self-reported statements. Scale: 1 (Very Low/Absent) to 5 (Very High/Dominant).",
Language use,Language use,Personality/Cognitive,True,Low,"Measures the degree of 'Language use' expressed in the conversational style, word choice, or self-reported statements. Scale: 1 (Very Low/Absent) to 5 (Very High/Dominant).",
Dance-style mastery diversity,Dance-style mastery diversity,Personality/Cognitive,True,Low,"Measures the degree of 'Dance-style mastery diversity' expressed in the conversational style, word choice, or self-reported statements. Scale: 1 (Very Low/Absent) to 5 (Very High/Dominant).",
Satya Adherence,Satya Adherence,Personality/Cognitive,True,Low,"Measures the degree of 'Satya Adherence' expressed in the conversational style, word choice, or self-reported statements. Scale: 1 (Very Low/Absent) to 5 (Very High/Dominant).",
Ethnocentrism,Ethnocentrism,Personality/Cognitive,True,Low,"Measures the degree of 'Ethnocentrism' expressed in the conversational style, word choice, or self-reported statements. Scale: 1 (Very Low/Absent) to 5 (Very High/Dominant).",
Emotional Boundaries,Emotional Boundaries,Personality/Cognitive,True,Low,"Measures the degree of 'Emotional Boundaries' expressed in the conversational style, word choice, or self-reported statements. Scale: 1 (Very Low/Absent) to 5 (Very High/Dominant).",
Creativity in solutions,Creativity in solutions,Personality/Cognitive,True,Low,"Measures the degree of 'Creativity in solutions' expressed in the conversational style, word choice, or self-reported statements. Scale: 1 (Very Low/Absent) to 5 (Very High/Dominant).",
Psychological construct: Hope scale,Psychological construct: Hope scale,Personality/Cognitive,True,Low,"Measures the degree of 'Psychological construct: Hope scale' expressed in the conversational style, word choice, or self-reported statements. Scale: 1 (Very Low/Absent) to 5 (Very High/Dominant).",
565. Practice frequency: Walking meditation,Practice frequency: Walking meditation,Spiritual/Cultural,False,Medium,N/A - Non-observable in conversation.,Spiritual metrics and practice counts require biographical history or external logs.
Depression (DEP),Depression (DEP),Medical/Physiological,False,High,N/A - Non-observable in conversation.,"Requires physiological testing, laboratory analysis, or clinical diagnostic tools not available in conversation."
Understanding Mathematical Concepts,Understanding Mathematical Concepts,Personality/Cognitive,True,Low,"Measures the degree of 'Understanding Mathematical Concepts' expressed in the conversational style, word choice, or self-reported statements. Scale: 1 (Very Low/Absent) to 5 (Very High/Dominant).",
Hypomania (Ma),Hypomania (Ma),Medical/Physiological,False,High,N/A - Non-observable in conversation.,"Requires physiological testing, laboratory analysis, or clinical diagnostic tools not available in conversation."
Goal-Directed Behavior,Goal-Directed Behavior,Personality/Cognitive,True,Low,"Measures the degree of 'Goal-Directed Behavior' expressed in the conversational style, word choice, or self-reported statements. Scale: 1 (Very Low/Absent) to 5 (Very High/Dominant).",
Depth of Emotional Connections,Depth of Emotional Connections,Personality/Cognitive,True,Low,"Measures the degree of 'Depth of Emotional Connections' expressed in the conversational style, word choice, or self-reported statements. Scale: 1 (Very Low/Absent) to 5 (Very High/Dominant).",
Binding foundations index,Binding foundations index,Personality/Cognitive,True,Low,"Measures the degree of 'Binding foundations index' expressed in the conversational style, word choice, or self-reported statements. Scale: 1 (Very Low/Absent) to 5 (Very High/Dominant).",
Ego Dissolution Frequency,Ego Dissolution Frequency,Biographical/External,False,Medium,N/A - Non-observable in conversation.,"Requires access to objective external records, biographical history, or quantitative tracking outside the conversation."
Activator: Turning thoughts into action,Activator: Turning thoughts into action,Personality/Cognitive,True,Low,"Measures the degree of 'Activator: Turning thoughts into action' expressed in the conversational style, word choice, or self-reported statements. Scale: 1 (Very Low/Absent) to 5 (Very High/Dominant).",
967. Gnostic spiritual metric: Archon meditation frequency,Gnostic spiritual metric: Archon meditation frequency,Spiritual/Cultural,False,Medium,N/A - Non-observable in conversation.,Spiritual metrics and practice counts require biographical history or external logs.
Exemplariness,Exemplariness,Personality/Cognitive,True,Low,"Measures the degree of 'Exemplariness' expressed in the conversational style, word choice, or self-reported statements. Scale: 1 (Very Low/Absent) to 5 (Very High/Dominant).",
Moral and Ethical Parameters:,Moral and Ethical Parameters,Malformed/Header,False,Low,N/A - Non-observable in conversation.,"Header or structural category marker, not a concrete facet."
Submission:,Submission,Malformed/Header,False,Low,N/A - Non-observable in conversation.,"Header or structural category marker, not a concrete facet."
Frankness,Frankness,Personality/Cognitive,True,Low,"Measures the degree of 'Frankness' expressed in the conversational style, word choice, or self-reported statements. Scale: 1 (Very Low/Absent) to 5 (Very High/Dominant).",
Psychological construct: Psychological Safety climate,Psychological construct: Psychological Safety climate,Personality/Cognitive,True,Low,"Measures the degree of 'Psychological construct: Psychological Safety climate' expressed in the conversational style, word choice, or self-reported statements. Scale: 1 (Very Low/Absent) to 5 (Very High/Dominant).",
Psychological construct: Self-Compassion total,Psychological construct: Self-Compassion total,Personality/Cognitive,True,Low,"Measures the degree of 'Psychological construct: Self-Compassion total' expressed in the conversational style, word choice, or self-reported statements. Scale: 1 (Very Low/Absent) to 5 (Very High/Dominant).",
Psychological construct: Executive-Function composite,Psychological construct: Executive-Function composite,Personality/Cognitive,True,Low,"Measures the degree of 'Psychological construct: Executive-Function composite' expressed in the conversational style, word choice, or self-reported statements. Scale: 1 (Very Low/Absent) to 5 (Very High/Dominant).",
Rebelliousness,Rebelliousness,Personality/Cognitive,True,Low,"Measures the degree of 'Rebelliousness' expressed in the conversational style, word choice, or self-reported statements. Scale: 1 (Very Low/Absent) to 5 (Very High/Dominant).",
Volunteer Work,Volunteer Work,Biographical/External,False,Medium,N/A - Non-observable in conversation.,"Requires access to objective external records, biographical history, or quantitative tracking outside the conversation."
Intellect,Intellect,Personality/Cognitive,True,Low,"Measures the degree of 'Intellect' expressed in the conversational style, word choice, or self-reported statements. Scale: 1 (Very Low/Absent) to 5 (Very High/Dominant).",
Use of Mathematical Formulas,Use of Mathematical Formulas,Personality/Cognitive,True,Low,"Measures the degree of 'Use of Mathematical Formulas' expressed in the conversational style, word choice, or self-reported statements. Scale: 1 (Very Low/Absent) to 5 (Very High/Dominant).",
Coarseness,Coarseness,Personality/Cognitive,True,Low,"Measures the degree of 'Coarseness' expressed in the conversational style, word choice, or self-reported statements. Scale: 1 (Very Low/Absent) to 5 (Very High/Dominant).",
Behavioral Tendencies and Subcomponents:,Behavioral Tendencies and Subcomponents,Malformed/Header,False,Low,N/A - Non-observable in conversation.,"Header or structural category marker, not a concrete facet."
Sensitivity,Sensitivity,Personality/Cognitive,True,Low,"Measures the degree of 'Sensitivity' expressed in the conversational style, word choice, or self-reported statements. Scale: 1 (Very Low/Absent) to 5 (Very High/Dominant).",
Divided Attention Ability,Divided Attention Ability,Personality/Cognitive,True,Low,"Measures the degree of 'Divided Attention Ability' expressed in the conversational style, word choice, or self-reported statements. Scale: 1 (Very Low/Absent) to 5 (Very High/Dominant).",
Psychological construct: Acculturative Stress score,Psychological construct: Acculturative Stress score,Personality/Cognitive,True,Low,"Measures the degree of 'Psychological construct: Acculturative Stress score' expressed in the conversational style, word choice, or self-reported statements. Scale: 1 (Very Low/Absent) to 5 (Very High/Dominant).",
Dauntlessness,Dauntlessness,Personality/Cognitive,True,Low,"Measures the degree of 'Dauntlessness' expressed in the conversational style, word choice, or self-reported statements. Scale: 1 (Very Low/Absent) to 5 (Very High/Dominant).",
Concreteness,Concreteness,Personality/Cognitive,True,Low,"Measures the degree of 'Concreteness' expressed in the conversational style, word choice, or self-reported statements. Scale: 1 (Very Low/Absent) to 5 (Very High/Dominant).",
Hysteria (Hy),Hysteria (Hy),Medical/Physiological,False,High,N/A - Non-observable in conversation.,"Requires physiological testing, laboratory analysis, or clinical diagnostic tools not available in conversation."
911. Jewish spiritual metric: Sukkot lulav-shaking days,Jewish spiritual metric: Sukkot lulav-shaking days,Spiritual/Cultural,False,Medium,N/A - Non-observable in conversation.,Spiritual metrics and practice counts require biographical history or external logs.
Sentence Structure,Sentence Structure,Personality/Cognitive,True,Low,"Measures the degree of 'Sentence Structure' expressed in the conversational style, word choice, or self-reported statements. Scale: 1 (Very Low/Absent) to 5 (Very High/Dominant).",
Esteem Needs,Esteem Needs,Personality/Cognitive,True,Low,"Measures the degree of 'Esteem Needs' expressed in the conversational style, word choice, or self-reported statements. Scale: 1 (Very Low/Absent) to 5 (Very High/Dominant).",
Understanding mechanical concepts,Understanding mechanical concepts,Personality/Cognitive,True,Low,"Measures the degree of 'Understanding mechanical concepts' expressed in the conversational style, word choice, or self-reported statements. Scale: 1 (Very Low/Absent) to 5 (Very High/Dominant).",
Auditory Memory Recall,Auditory Memory Recall,Personality/Cognitive,True,Low,"Measures the degree of 'Auditory Memory Recall' expressed in the conversational style, word choice, or self-reported statements. Scale: 1 (Very Low/Absent) to 5 (Very High/Dominant).",
Storytelling proficiency,Storytelling proficiency,Personality/Cognitive,True,Low,"Measures the degree of 'Storytelling proficiency' expressed in the conversational style, word choice, or self-reported statements. Scale: 1 (Very Low/Absent) to 5 (Very High/Dominant).",
Music-lessons years,Music-lessons years,Biographical/External,False,Medium,N/A - Non-observable in conversation.,"Requires access to objective external records, biographical history, or quantitative tracking outside the conversation."
Warmheartedness,Warmheartedness,Personality/Cognitive,True,Low,"Measures the degree of 'Warmheartedness' expressed in the conversational style, word choice, or self-reported statements. Scale: 1 (Very Low/Absent) to 5 (Very High/Dominant).",
Self-effacement,Self-effacement,Personality/Cognitive,True,Low,"Measures the degree of 'Self-effacement' expressed in the conversational style, word choice, or self-reported statements. Scale: 1 (Very Low/Absent) to 5 (Very High/Dominant).",
Outspokenness,Outspokenness,Personality/Cognitive,True,Low,"Measures the degree of 'Outspokenness' expressed in the conversational style, word choice, or self-reported statements. Scale: 1 (Very Low/Absent) to 5 (Very High/Dominant).",
Sleep-environment temperature,Sleep-environment temperature,Biographical/External,False,Medium,N/A - Non-observable in conversation.,"Requires access to objective external records, biographical history, or quantitative tracking outside the conversation."
Comprehension of spoken information,Comprehension of spoken information,Personality/Cognitive,True,Low,"Measures the degree of 'Comprehension of spoken information' expressed in the conversational style, word choice, or self-reported statements. Scale: 1 (Very Low/Absent) to 5 (Very High/Dominant).",
Blissfulness,Blissfulness,Personality/Cognitive,True,Low,"Measures the degree of 'Blissfulness' expressed in the conversational style, word choice, or self-reported statements. Scale: 1 (Very Low/Absent) to 5 (Very High/Dominant).",
Sequential Memory Recall,Sequential Memory Recall,Personality/Cognitive,True,Low,"Measures the degree of 'Sequential Memory Recall' expressed in the conversational style, word choice, or self-reported statements. Scale: 1 (Very Low/Absent) to 5 (Very High/Dominant).",
Withdrawnness,Withdrawnness,Personality/Cognitive,True,Low,"Measures the degree of 'Withdrawnness' expressed in the conversational style, word choice, or self-reported statements. Scale: 1 (Very Low/Absent) to 5 (Very High/Dominant).",
892. Hindu spiritual metric: Yoga discipline hours / week,Hindu spiritual metric: Yoga discipline hours / week,Spiritual/Cultural,False,Medium,N/A - Non-observable in conversation.,Spiritual metrics and practice counts require biographical history or external logs.
Conservatism,Conservatism,Personality/Cognitive,True,Low,"Measures the degree of 'Conservatism' expressed in the conversational style, word choice, or self-reported statements. Scale: 1 (Very Low/Absent) to 5 (Very High/Dominant).",
Adaptability and Flexibility Subcomponents:,Adaptability and Flexibility Subcomponents,Malformed/Header,False,Low,N/A - Non-observable in conversation.,"Header or structural category marker, not a concrete facet."
898. Hindu spiritual metric: Vrata vows observed / year,Hindu spiritual metric: Vrata vows observed / year,Spiritual/Cultural,False,Medium,N/A - Non-observable in conversation.,Spiritual metrics and practice counts require biographical history or external logs.
Ardency,Ardency,Personality/Cognitive,True,Low,"Measures the degree of 'Ardency' expressed in the conversational style, word choice, or self-reported statements. Scale: 1 (Very Low/Absent) to 5 (Very High/Dominant).",
Aesthetic Appreciation,Aesthetic Appreciation,Personality/Cognitive,True,Low,"Measures the degree of 'Aesthetic Appreciation' expressed in the conversational style, word choice, or self-reported statements. Scale: 1 (Very Low/Absent) to 5 (Very High/Dominant).",
Transactional Leadership:,Transactional Leadership,Malformed/Header,False,Low,N/A - Non-observable in conversation.,"Header or structural category marker, not a concrete facet."
Value orientation: Universalism,Value orientation: Universalism,Personality/Cognitive,True,Low,"Measures the degree of 'Value orientation: Universalism' expressed in the conversational style, word choice, or self-reported statements. Scale: 1 (Very Low/Absent) to 5 (Very High/Dominant).",
Perseverance,Perseverance,Personality/Cognitive,True,Low,"Measures the degree of 'Perseverance' expressed in the conversational style, word choice, or self-reported statements. Scale: 1 (Very Low/Absent) to 5 (Very High/Dominant).",
Regularity of Self-Reflection,Regularity of Self-Reflection,Personality/Cognitive,True,Low,"Measures the degree of 'Regularity of Self-Reflection' expressed in the conversational style, word choice, or self-reported statements. Scale: 1 (Very Low/Absent) to 5 (Very High/Dominant).",
Controlling Reactions,Controlling Reactions,Personality/Cognitive,True,Low,"Measures the degree of 'Controlling Reactions' expressed in the conversational style, word choice, or self-reported statements. Scale: 1 (Very Low/Absent) to 5 (Very High/Dominant).",
Psychological construct: Cultural Intelligence – Behavioral,Psychological construct: Cultural Intelligence – Behavioral,Personality/Cognitive,True,Low,"Measures the degree of 'Psychological construct: Cultural Intelligence – Behavioral' expressed in the conversational style, word choice, or self-reported statements. Scale: 1 (Very Low/Absent) to 5 (Very High/Dominant).",
Metabolic Rate (Low or High),Metabolic Rate (Low or High),Medical/Physiological,False,High,N/A - Non-observable in conversation.,"Requires physiological testing, laboratory analysis, or clinical diagnostic tools not available in conversation."
Dietary Habits,Dietary Habits,Biographical/External,False,Medium,N/A - Non-observable in conversation.,"Requires access to objective external records, biographical history, or quantitative tracking outside the conversation."
Significance: Desire to make an impact,Significance: Desire to make an impact,Personality/Cognitive,True,Low,"Measures the degree of 'Significance: Desire to make an impact' expressed in the conversational style, word choice, or self-reported statements. Scale: 1 (Very Low/Absent) to 5 (Very High/Dominant).",
Psychological construct: Resilience-Trait score,Psychological construct: Resilience-Trait score,Personality/Cognitive,True,Low,"Measures the degree of 'Psychological construct: Resilience-Trait score' expressed in the conversational style, word choice, or self-reported statements. Scale: 1 (Very Low/Absent) to 5 (Very High/Dominant).",
Boredom Susceptibility,Boredom Susceptibility,Personality/Cognitive,True,Low,"Measures the degree of 'Boredom Susceptibility' expressed in the conversational style, word choice, or self-reported statements. Scale: 1 (Very Low/Absent) to 5 (Very High/Dominant).",
Psychological construct: Consummatory Pleasure scale,Psychological construct: Consummatory Pleasure scale,Personality/Cognitive,True,Low,"Measures the degree of 'Psychological construct: Consummatory Pleasure scale' expressed in the conversational style, word choice, or self-reported statements. Scale: 1 (Very Low/Absent) to 5 (Very High/Dominant).",
Leadership Styles and Behaviors:,Leadership Styles and Behaviors,Malformed/Header,False,Low,N/A - Non-observable in conversation.,"Header or structural category marker, not a concrete facet."
723. I Ching hexagram 5 resonance level,I Ching hexagram 5 resonance level,Spiritual/Cultural,False,Medium,N/A - Non-observable in conversation.,Spiritual metrics and practice counts require biographical history or external logs.
Macronutrient ratio: carbs,Macronutrient ratio: carbs,Personality/Cognitive,True,Low,"Measures the degree of 'Macronutrient ratio: carbs' expressed in the conversational style, word choice, or self-reported statements. Scale: 1 (Very Low/Absent) to 5 (Very High/Dominant).",
Passport-stamps count,Passport-stamps count,Biographical/External,False,Medium,N/A - Non-observable in conversation.,"Requires access to objective external records, biographical history, or quantitative tracking outside the conversation."
Local-food sourcing %,Local-food sourcing %,Biographical/External,False,Medium,N/A - Non-observable in conversation.,"Requires access to objective external records, biographical history, or quantitative tracking outside the conversation."
Patient care orientation,Patient care orientation,Personality/Cognitive,True,Low,"Measures the degree of 'Patient care orientation' expressed in the conversational style, word choice, or self-reported statements. Scale: 1 (Very Low/Absent) to 5 (Very High/Dominant).",
Soft-skill training hours,Soft-skill training hours,Biographical/External,False,Medium,N/A - Non-observable in conversation.,"Requires access to objective external records, biographical history, or quantitative tracking outside the conversation."
Graffiti appreciation,Graffiti appreciation,Personality/Cognitive,True,Low,"Measures the degree of 'Graffiti appreciation' expressed in the conversational style, word choice, or self-reported statements. Scale: 1 (Very Low/Absent) to 5 (Very High/Dominant).",
Preference for Home-Cooked vs Restaurant Meals,Preference for Home-Cooked vs Restaurant Meals,Personality/Cognitive,True,Low,"Measures the degree of 'Preference for Home-Cooked vs Restaurant Meals' expressed in the conversational style, word choice, or self-reported statements. Scale: 1 (Very Low/Absent) to 5 (Very High/Dominant).",
Immune-response age,Immune-response age,Medical/Physiological,False,High,N/A - Non-observable in conversation.,"Requires physiological testing, laboratory analysis, or clinical diagnostic tools not available in conversation."
Social-cognition variable: Cognitive Empathy,Social-cognition variable: Cognitive Empathy,Personality/Cognitive,True,Low,"Measures the degree of 'Social-cognition variable: Cognitive Empathy' expressed in the conversational style, word choice, or self-reported statements. Scale: 1 (Very Low/Absent) to 5 (Very High/Dominant).",
Kink-interest diversity,Kink-interest diversity,Personality/Cognitive,True,Low,"Measures the degree of 'Kink-interest diversity' expressed in the conversational style, word choice, or self-reported statements. Scale: 1 (Very Low/Absent) to 5 (Very High/Dominant).",
Adaptability and Flexibility:,Adaptability and Flexibility,Malformed/Header,False,Low,N/A - Non-observable in conversation.,"Header or structural category marker, not a concrete facet."
Judging Consequences,Judging Consequences,Personality/Cognitive,True,Low,"Measures the degree of 'Judging Consequences' expressed in the conversational style, word choice, or self-reported statements. Scale: 1 (Very Low/Absent) to 5 (Very High/Dominant).",
Harmfulness,Harmfulness,Personality/Cognitive,True,Low,"Measures the degree of 'Harmfulness' expressed in the conversational style, word choice, or self-reported statements. Scale: 1 (Very Low/Absent) to 5 (Very High/Dominant).",
Affinity,Affinity,Personality/Cognitive,True,Low,"Measures the degree of 'Affinity' expressed in the conversational style, word choice, or self-reported statements. Scale: 1 (Very Low/Absent) to 5 (Very High/Dominant).",
Abasement,Abasement,Personality/Cognitive,True,Low,"Measures the degree of 'Abasement' expressed in the conversational style, word choice, or self-reported statements. Scale: 1 (Very Low/Absent) to 5 (Very High/Dominant).",
Chronic pain presence,Chronic pain presence,Medical/Physiological,False,High,N/A - Non-observable in conversation.,"Requires physiological testing, laboratory analysis, or clinical diagnostic tools not available in conversation."
520. Discernment practice hours / week,Discernment practice hours / week,Spiritual/Cultural,False,Medium,N/A - Non-observable in conversation.,Spiritual metrics and practice counts require biographical history or external logs.
Initiative,Initiative,Personality/Cognitive,True,Low,"Measures the degree of 'Initiative' expressed in the conversational style, word choice, or self-reported statements. Scale: 1 (Very Low/Absent) to 5 (Very High/Dominant).",
Courageousness,Courageousness,Personality/Cognitive,True,Low,"Measures the degree of 'Courageousness' expressed in the conversational style, word choice, or self-reported statements. Scale: 1 (Very Low/Absent) to 5 (Very High/Dominant).",
Joyfulness,Joyfulness,Personality/Cognitive,True,Low,"Measures the degree of 'Joyfulness' expressed in the conversational style, word choice, or self-reported statements. Scale: 1 (Very Low/Absent) to 5 (Very High/Dominant).",
Suspicion,Suspicion,Personality/Cognitive,True,Low,"Measures the degree of 'Suspicion' expressed in the conversational style, word choice, or self-reported statements. Scale: 1 (Very Low/Absent) to 5 (Very High/Dominant).",
Basophil count,Basophil count,Medical/Physiological,False,High,N/A - Non-observable in conversation.,"Requires physiological testing, laboratory analysis, or clinical diagnostic tools not available in conversation."
Attachment avoidance score,Attachment avoidance score,Personality/Cognitive,True,Low,"Measures the degree of 'Attachment avoidance score' expressed in the conversational style, word choice, or self-reported statements. Scale: 1 (Very Low/Absent) to 5 (Very High/Dominant).",
Time Orientation End Points:,Time Orientation End Points,Malformed/Header,False,Low,N/A - Non-observable in conversation.,"Header or structural category marker, not a concrete facet."
Brazenness,Brazenness,Spiritual/Cultural,False,Medium,N/A - Non-observable in conversation.,Spiritual metrics and practice counts require biographical history or external logs.
Talkativeness,Talkativeness,Personality/Cognitive,True,Low,Scores from 1 (very brief/quiet) to 5 (extremely talkative/elaborative) based on sentence length and text volume.,
Equitableness,Equitableness,Personality/Cognitive,True,Low,"Measures the degree of 'Equitableness' expressed in the conversational style, word choice, or self-reported statements. Scale: 1 (Very Low/Absent) to 5 (Very High/Dominant).",
Ideas generated/day,Ideas generated/day,Medical/Physiological,False,High,N/A - Non-observable in conversation.,"Requires physiological testing, laboratory analysis, or clinical diagnostic tools not available in conversation."
Originality,Originality,Personality/Cognitive,True,Low,"Measures the degree of 'Originality' expressed in the conversational style, word choice, or self-reported statements. Scale: 1 (Very Low/Absent) to 5 (Very High/Dominant).",
Fearfulness: Fear of physical dangers,Fearfulness: Fear of physical dangers,Personality/Cognitive,True,Low,"Scores from 1 (exceptionally polite/calm) to 5 (highly argumentative, hostile, or angry tone).",
Dance rehearsal hours/week,Dance rehearsal hours/week,Biographical/External,False,Medium,N/A - Non-observable in conversation.,"Requires access to objective external records, biographical history, or quantitative tracking outside the conversation."
561. Practice frequency: Mantra meditation,Practice frequency: Mantra meditation,Spiritual/Cultural,False,Medium,N/A - Non-observable in conversation.,Spiritual metrics and practice counts require biographical history or external logs.
Public-transport km/week,Public-transport km/week,Biographical/External,False,Medium,N/A - Non-observable in conversation.,"Requires access to objective external records, biographical history, or quantitative tracking outside the conversation."
Social Desirability Bias,Social Desirability Bias,Personality/Cognitive,True,Low,"Measures the degree of 'Social Desirability Bias' expressed in the conversational style, word choice, or self-reported statements. Scale: 1 (Very Low/Absent) to 5 (Very High/Dominant).",
761. I Ching hexagram 43 resonance level,I Ching hexagram 43 resonance level,Spiritual/Cultural,False,Medium,N/A - Non-observable in conversation.,Spiritual metrics and practice counts require biographical history or external logs.
Disagreeableness,Disagreeableness,Personality/Cognitive,True,Low,"Scores from 1 (exceptionally polite/calm) to 5 (highly argumentative, hostile, or angry tone).",
Participation in Community Activities,Participation in Community Activities,Personality/Cognitive,True,Low,"Measures the degree of 'Participation in Community Activities' expressed in the conversational style, word choice, or self-reported statements. Scale: 1 (Very Low/Absent) to 5 (Very High/Dominant).",
Impudence,Impudence,Personality/Cognitive,True,Low,"Measures the degree of 'Impudence' expressed in the conversational style, word choice, or self-reported statements. Scale: 1 (Very Low/Absent) to 5 (Very High/Dominant).",
Analogies,Analogies,Personality/Cognitive,True,Low,"Measures the degree of 'Analogies' expressed in the conversational style, word choice, or self-reported statements. Scale: 1 (Very Low/Absent) to 5 (Very High/Dominant).",
Clumsiness,Clumsiness,Personality/Cognitive,True,Low,"Measures the degree of 'Clumsiness' expressed in the conversational style, word choice, or self-reported statements. Scale: 1 (Very Low/Absent) to 5 (Very High/Dominant).",
Tendency Toward Compromise or Confrontation,Tendency Toward Compromise or Confrontation,Personality/Cognitive,True,Low,"Measures the degree of 'Tendency Toward Compromise or Confrontation' expressed in the conversational style, word choice, or self-reported statements. Scale: 1 (Very Low/Absent) to 5 (Very High/Dominant).",
737. I Ching hexagram 19 resonance level,I Ching hexagram 19 resonance level,Spiritual/Cultural,False,Medium,N/A - Non-observable in conversation.,Spiritual metrics and practice counts require biographical history or external logs.
Robotics-interaction frequency,Robotics-interaction frequency,Biographical/External,False,Medium,N/A - Non-observable in conversation.,"Requires access to objective external records, biographical history, or quantitative tracking outside the conversation."
Casual lifestyle,Casual lifestyle,Personality/Cognitive,True,Low,"Measures the degree of 'Casual lifestyle' expressed in the conversational style, word choice, or self-reported statements. Scale: 1 (Very Low/Absent) to 5 (Very High/Dominant).",
Collectedness,Collectedness,Personality/Cognitive,True,Low,"Measures the degree of 'Collectedness' expressed in the conversational style, word choice, or self-reported statements. Scale: 1 (Very Low/Absent) to 5 (Very High/Dominant).",
Reliance on context,Reliance on context,Personality/Cognitive,True,Low,"Measures the degree of 'Reliance on context' expressed in the conversational style, word choice, or self-reported statements. Scale: 1 (Very Low/Absent) to 5 (Very High/Dominant).",
Delegation skills,Delegation skills,Personality/Cognitive,True,Low,"Measures the degree of 'Delegation skills' expressed in the conversational style, word choice, or self-reported statements. Scale: 1 (Very Low/Absent) to 5 (Very High/Dominant).",
767. I Ching hexagram 49 resonance level,I Ching hexagram 49 resonance level,Spiritual/Cultural,False,Medium,N/A - Non-observable in conversation.,Spiritual metrics and practice counts require biographical history or external logs.
Managing emotions,Managing emotions,Personality/Cognitive,True,Low,"Measures the degree of 'Managing emotions' expressed in the conversational style, word choice, or self-reported statements. Scale: 1 (Very Low/Absent) to 5 (Very High/Dominant).",
Scripture memorization verses,Scripture memorization verses,Personality/Cognitive,True,Low,"Measures the degree of 'Scripture memorization verses' expressed in the conversational style, word choice, or self-reported statements. Scale: 1 (Very Low/Absent) to 5 (Very High/Dominant).",
Conventional,Conventional,Personality/Cognitive,True,Low,"Measures the degree of 'Conventional' expressed in the conversational style, word choice, or self-reported statements. Scale: 1 (Very Low/Absent) to 5 (Very High/Dominant).",
890. Hindu spiritual metric: Bhagavad-Gita study hours,Hindu spiritual metric: Bhagavad-Gita study hours,Spiritual/Cultural,False,Medium,N/A - Non-observable in conversation.,Spiritual metrics and practice counts require biographical history or external logs.
Open-source contributions,Open-source contributions,Biographical/External,False,Medium,N/A - Non-observable in conversation.,"Requires access to objective external records, biographical history, or quantitative tracking outside the conversation."
Psychological construct: Social Conformity tendency,Psychological construct: Social Conformity tendency,Personality/Cognitive,True,Low,"Measures the degree of 'Psychological construct: Social Conformity tendency' expressed in the conversational style, word choice, or self-reported statements. Scale: 1 (Very Low/Absent) to 5 (Very High/Dominant).",
Individuality,Individuality,Personality/Cognitive,True,Low,"Measures the degree of 'Individuality' expressed in the conversational style, word choice, or self-reported statements. Scale: 1 (Very Low/Absent) to 5 (Very High/Dominant).",
740. I Ching hexagram 22 resonance level,I Ching hexagram 22 resonance level,Spiritual/Cultural,False,Medium,N/A - Non-observable in conversation.,Spiritual metrics and practice counts require biographical history or external logs.
Attachment style: Secure,Attachment style: Secure,Personality/Cognitive,True,Low,"Measures the degree of 'Attachment style: Secure' expressed in the conversational style, word choice, or self-reported statements. Scale: 1 (Very Low/Absent) to 5 (Very High/Dominant).",
Intelligence Quotient (IQ),Intelligence Quotient (IQ),Personality/Cognitive,True,Low,"Measures the degree of 'Intelligence Quotient (IQ)' expressed in the conversational style, word choice, or self-reported statements. Scale: 1 (Very Low/Absent) to 5 (Very High/Dominant).",
Blog-subscriber count,Blog-subscriber count,Biographical/External,False,Medium,N/A - Non-observable in conversation.,"Requires access to objective external records, biographical history, or quantitative tracking outside the conversation."
Non-Verbal Communication Skills,Non-Verbal Communication Skills,Personality/Cognitive,True,Low,"Measures the degree of 'Non-Verbal Communication Skills' expressed in the conversational style, word choice, or self-reported statements. Scale: 1 (Very Low/Absent) to 5 (Very High/Dominant).",
Drug-use history,Drug-use history,Biographical/External,False,Medium,N/A - Non-observable in conversation.,"Requires access to objective external records, biographical history, or quantitative tracking outside the conversation."
Commute time/day,Commute time/day,Biographical/External,False,Medium,N/A - Non-observable in conversation.,"Requires access to objective external records, biographical history, or quantitative tracking outside the conversation."
Decision-making speed,Decision-making speed,Personality/Cognitive,True,Low,"Measures the degree of 'Decision-making speed' expressed in the conversational style, word choice, or self-reported statements. Scale: 1 (Very Low/Absent) to 5 (Very High/Dominant).",
Psychological construct: Excuse-Making tendency,Psychological construct: Excuse-Making tendency,Personality/Cognitive,True,Low,"Measures the degree of 'Psychological construct: Excuse-Making tendency' expressed in the conversational style, word choice, or self-reported statements. Scale: 1 (Very Low/Absent) to 5 (Very High/Dominant).",
Peer-to-peer lending usage,Peer-to-peer lending usage,Biographical/External,False,Medium,N/A - Non-observable in conversation.,"Requires access to objective external records, biographical history, or quantitative tracking outside the conversation."
Psychological construct: Eye-Contact avoidance score,Psychological construct: Eye-Contact avoidance score,Personality/Cognitive,True,Low,"Measures the degree of 'Psychological construct: Eye-Contact avoidance score' expressed in the conversational style, word choice, or self-reported statements. Scale: 1 (Very Low/Absent) to 5 (Very High/Dominant).",
Social-cognition variable: Faux Pas Recognition accuracy,Social-cognition variable: Faux Pas Recognition accuracy,Personality/Cognitive,True,Low,"Measures the degree of 'Social-cognition variable: Faux Pas Recognition accuracy' expressed in the conversational style, word choice, or self-reported statements. Scale: 1 (Very Low/Absent) to 5 (Very High/Dominant).",
Conscientiousness (C):,Conscientiousness (C),Malformed/Header,False,Low,N/A - Non-observable in conversation.,"Header or structural category marker, not a concrete facet."
Use of Nature as a Stress Reliever,Use of Nature as a Stress Reliever,Personality/Cognitive,True,Low,"Measures the degree of 'Use of Nature as a Stress Reliever' expressed in the conversational style, word choice, or self-reported statements. Scale: 1 (Very Low/Absent) to 5 (Very High/Dominant).",
Attitude toward learning,Attitude toward learning,Personality/Cognitive,True,Low,"Measures the degree of 'Attitude toward learning' expressed in the conversational style, word choice, or self-reported statements. Scale: 1 (Very Low/Absent) to 5 (Very High/Dominant).",
Conscientiousness Facets:,Conscientiousness Facets,Malformed/Header,False,Low,N/A - Non-observable in conversation.,"Header or structural category marker, not a concrete facet."
Honesty-humility trait score,Honesty-humility trait score,Personality/Cognitive,True,Low,"Measures the degree of 'Honesty-humility trait score' expressed in the conversational style, word choice, or self-reported statements. Scale: 1 (Very Low/Absent) to 5 (Very High/Dominant).",
Digital-nomad months,Digital-nomad months,Biographical/External,False,Medium,N/A - Non-observable in conversation.,"Requires access to objective external records, biographical history, or quantitative tracking outside the conversation."
516. Religious coping – Negative,Religious coping – Negative,Spiritual/Cultural,False,Medium,N/A - Non-observable in conversation.,Spiritual metrics and practice counts require biographical history or external logs.
Snacking Behavior,Snacking Behavior,Biographical/External,False,Medium,N/A - Non-observable in conversation.,"Requires access to objective external records, biographical history, or quantitative tracking outside the conversation."
Aura-color perception,Aura-color perception,Personality/Cognitive,True,Low,"Measures the degree of 'Aura-color perception' expressed in the conversational style, word choice, or self-reported statements. Scale: 1 (Very Low/Absent) to 5 (Very High/Dominant).",
638. Sacred text engagement: Zohar (Kabbalah) study hours,Sacred text engagement: Zohar (Kabbalah) study hours,Spiritual/Cultural,False,Medium,N/A - Non-observable in conversation.,Spiritual metrics and practice counts require biographical history or external logs.
Motivational Drivers:,Motivational Drivers,Malformed/Header,False,Low,N/A - Non-observable in conversation.,"Header or structural category marker, not a concrete facet."
Cloud-backup frequency,Cloud-backup frequency,Biographical/External,False,Medium,N/A - Non-observable in conversation.,"Requires access to objective external records, biographical history, or quantitative tracking outside the conversation."
Learning Style,Learning Style,Biographical/External,False,Medium,N/A - Non-observable in conversation.,"Requires access to objective external records, biographical history, or quantitative tracking outside the conversation."
872. Islamic practice: Seerah study hours,Islamic practice: Seerah study hours,Spiritual/Cultural,False,Medium,N/A - Non-observable in conversation.,Spiritual metrics and practice counts require biographical history or external logs.
Safety compliance,Safety compliance,Personality/Cognitive,True,Low,"Measures the degree of 'Safety compliance' expressed in the conversational style, word choice, or self-reported statements. Scale: 1 (Very Low/Absent) to 5 (Very High/Dominant).",
Sensationalism,Sensationalism,Personality/Cognitive,True,Low,"Measures the degree of 'Sensationalism' expressed in the conversational style, word choice, or self-reported statements. Scale: 1 (Very Low/Absent) to 5 (Very High/Dominant).",
Nationality,Nationality,Personality/Cognitive,True,Low,"Measures the degree of 'Nationality' expressed in the conversational style, word choice, or self-reported statements. Scale: 1 (Very Low/Absent) to 5 (Very High/Dominant).",
Drollness,Drollness,Personality/Cognitive,True,Low,"Measures the degree of 'Drollness' expressed in the conversational style, word choice, or self-reported statements. Scale: 1 (Very Low/Absent) to 5 (Very High/Dominant).",
Cooperation,Cooperation,Personality/Cognitive,True,Low,"Measures the degree of 'Cooperation' expressed in the conversational style, word choice, or self-reported statements. Scale: 1 (Very Low/Absent) to 5 (Very High/Dominant).",
Breakfast-skipping frequency,Breakfast-skipping frequency,Biographical/External,False,Medium,N/A - Non-observable in conversation.,"Requires access to objective external records, biographical history, or quantitative tracking outside the conversation."
922. Sikh spiritual metric: Kirtan participation frequency,Sikh spiritual metric: Kirtan participation frequency,Spiritual/Cultural,False,Medium,N/A - Non-observable in conversation.,Spiritual metrics and practice counts require biographical history or external logs.
Impulsivity,Impulsivity,Personality/Cognitive,True,Low,"Measures the degree of 'Impulsivity' expressed in the conversational style, word choice, or self-reported statements. Scale: 1 (Very Low/Absent) to 5 (Very High/Dominant).",
Museum visits/year,Museum visits/year,Biographical/External,False,Medium,N/A - Non-observable in conversation.,"Requires access to objective external records, biographical history, or quantitative tracking outside the conversation."
Choir participation years,Choir participation years,Biographical/External,False,Medium,N/A - Non-observable in conversation.,"Requires access to objective external records, biographical history, or quantitative tracking outside the conversation."
Delegation Ability,Delegation Ability,Personality/Cognitive,True,Low,"Measures the degree of 'Delegation Ability' expressed in the conversational style, word choice, or self-reported statements. Scale: 1 (Very Low/Absent) to 5 (Very High/Dominant).",
788. Kabbalah sephira balance: Tiferet,Kabbalah sephira balance: Tiferet,Spiritual/Cultural,False,Medium,N/A - Non-observable in conversation.,Spiritual metrics and practice counts require biographical history or external logs.
Desire to influence others,Desire to influence others,Personality/Cognitive,True,Low,"Measures the degree of 'Desire to influence others' expressed in the conversational style, word choice, or self-reported statements. Scale: 1 (Very Low/Absent) to 5 (Very High/Dominant).",
Vivacity,Vivacity,Personality/Cognitive,True,Low,"Measures the degree of 'Vivacity' expressed in the conversational style, word choice, or self-reported statements. Scale: 1 (Very Low/Absent) to 5 (Very High/Dominant).",
Genialness,Genialness,Personality/Cognitive,True,Low,"Measures the degree of 'Genialness' expressed in the conversational style, word choice, or self-reported statements. Scale: 1 (Very Low/Absent) to 5 (Very High/Dominant).",
Cognitive measure: Working Memory Index,Cognitive measure: Working Memory Index,Personality/Cognitive,True,Low,"Measures the degree of 'Cognitive measure: Working Memory Index' expressed in the conversational style, word choice, or self-reported statements. Scale: 1 (Very Low/Absent) to 5 (Very High/Dominant).",
Ethical practices,Ethical practices,Personality/Cognitive,True,Low,"Measures the degree of 'Ethical practices' expressed in the conversational style, word choice, or self-reported statements. Scale: 1 (Very Low/Absent) to 5 (Very High/Dominant).",
945. New-Age spiritual metric: Channeling sessions / year,New-Age spiritual metric: Channeling sessions / year,Spiritual/Cultural,False,Medium,N/A - Non-observable in conversation.,Spiritual metrics and practice counts require biographical history or external logs.
Civility,Civility,Personality/Cognitive,True,Low,"Measures the degree of 'Civility' expressed in the conversational style, word choice, or self-reported statements. Scale: 1 (Very Low/Absent) to 5 (Very High/Dominant).",
Sleep Apnea,Sleep Apnea,Medical/Physiological,False,High,N/A - Non-observable in conversation.,"Requires physiological testing, laboratory analysis, or clinical diagnostic tools not available in conversation."
Classiness,Classiness,Personality/Cognitive,True,Low,"Measures the degree of 'Classiness' expressed in the conversational style, word choice, or self-reported statements. Scale: 1 (Very Low/Absent) to 5 (Very High/Dominant).",
Control over situations,Control over situations,Personality/Cognitive,True,Low,"Measures the degree of 'Control over situations' expressed in the conversational style, word choice, or self-reported statements. Scale: 1 (Very Low/Absent) to 5 (Very High/Dominant).",
Time outdoors/day (h),Time outdoors/day (h),Personality/Cognitive,True,Low,"Measures the degree of 'Time outdoors/day (h)' expressed in the conversational style, word choice, or self-reported statements. Scale: 1 (Very Low/Absent) to 5 (Very High/Dominant).",
Effeteness,Effeteness,Personality/Cognitive,True,Low,"Measures the degree of 'Effeteness' expressed in the conversational style, word choice, or self-reported statements. Scale: 1 (Very Low/Absent) to 5 (Very High/Dominant).",
Polygenic risk: cardiovascular disease,Polygenic risk: cardiovascular disease,Medical/Physiological,False,High,N/A - Non-observable in conversation.,"Requires physiological testing, laboratory analysis, or clinical diagnostic tools not available in conversation."
Psychological construct: Identity Diffusion level,Psychological construct: Identity Diffusion level,Personality/Cognitive,True,Low,"Measures the degree of 'Psychological construct: Identity Diffusion level' expressed in the conversational style, word choice, or self-reported statements. Scale: 1 (Very Low/Absent) to 5 (Very High/Dominant).",
Learning through movement,Learning through movement,Personality/Cognitive,True,Low,"Measures the degree of 'Learning through movement' expressed in the conversational style, word choice, or self-reported statements. Scale: 1 (Very Low/Absent) to 5 (Very High/Dominant).",
Caffeine sensitivity gene,Caffeine sensitivity gene,Medical/Physiological,False,High,N/A - Non-observable in conversation.,"Requires physiological testing, laboratory analysis, or clinical diagnostic tools not available in conversation."
Hatefulness,Hatefulness,Personality/Cognitive,True,Low,"Measures the degree of 'Hatefulness' expressed in the conversational style, word choice, or self-reported statements. Scale: 1 (Very Low/Absent) to 5 (Very High/Dominant).",
Persistence:,Persistence,Malformed/Header,False,Low,N/A - Non-observable in conversation.,"Header or structural category marker, not a concrete facet."
Psychological construct: Perfectionistic Strivings,Psychological construct: Perfectionistic Strivings,Personality/Cognitive,True,Low,"Measures the degree of 'Psychological construct: Perfectionistic Strivings' expressed in the conversational style, word choice, or self-reported statements. Scale: 1 (Very Low/Absent) to 5 (Very High/Dominant).",
Wake-time consistency,Wake-time consistency,Personality/Cognitive,True,Low,"Measures the degree of 'Wake-time consistency' expressed in the conversational style, word choice, or self-reported statements. Scale: 1 (Very Low/Absent) to 5 (Very High/Dominant).",
Numerical Reasoning:,Numerical Reasoning,Malformed/Header,False,Low,N/A - Non-observable in conversation.,"Header or structural category marker, not a concrete facet."
Social-cognition variable: Mentalizing network activation,Social-cognition variable: Mentalizing network activation,Personality/Cognitive,True,Low,"Measures the degree of 'Social-cognition variable: Mentalizing network activation' expressed in the conversational style, word choice, or self-reported statements. Scale: 1 (Very Low/Absent) to 5 (Very High/Dominant).",
Patriotism,Patriotism,Personality/Cognitive,True,Low,"Measures the degree of 'Patriotism' expressed in the conversational style, word choice, or self-reported statements. Scale: 1 (Very Low/Absent) to 5 (Very High/Dominant).",
Leadership Styles:,Leadership Styles,Malformed/Header,False,Low,N/A - Non-observable in conversation.,"Header or structural category marker, not a concrete facet."
Servility,Servility,Personality/Cognitive,True,Low,"Measures the degree of 'Servility' expressed in the conversational style, word choice, or self-reported statements. Scale: 1 (Very Low/Absent) to 5 (Very High/Dominant).",
742. I Ching hexagram 24 resonance level,I Ching hexagram 24 resonance level,Spiritual/Cultural,False,Medium,N/A - Non-observable in conversation.,Spiritual metrics and practice counts require biographical history or external logs.
Enneagram Personality Types:,Enneagram Personality Types,Malformed/Header,False,Low,N/A - Non-observable in conversation.,"Header or structural category marker, not a concrete facet."
Stress Recovery Ability,Stress Recovery Ability,Personality/Cognitive,True,Low,"Measures the degree of 'Stress Recovery Ability' expressed in the conversational style, word choice, or self-reported statements. Scale: 1 (Very Low/Absent) to 5 (Very High/Dominant).",
Troubleshooting technical issues,Troubleshooting technical issues,Personality/Cognitive,True,Low,"Measures the degree of 'Troubleshooting technical issues' expressed in the conversational style, word choice, or self-reported statements. Scale: 1 (Very Low/Absent) to 5 (Very High/Dominant).",
Defense-mechanism tendency: Introjection,Defense-mechanism tendency: Introjection,Personality/Cognitive,True,Low,"Measures the degree of 'Defense-mechanism tendency: Introjection' expressed in the conversational style, word choice, or self-reported statements. Scale: 1 (Very Low/Absent) to 5 (Very High/Dominant).",
Irritability,Irritability,Personality/Cognitive,True,Low,"Measures the degree of 'Irritability' expressed in the conversational style, word choice, or self-reported statements. Scale: 1 (Very Low/Absent) to 5 (Very High/Dominant).",
Travel-companions diversity,Travel-companions diversity,Biographical/External,False,Medium,N/A - Non-observable in conversation.,"Requires access to objective external records, biographical history, or quantitative tracking outside the conversation."
627. Sacred text engagement: Quran surahs memorized,Sacred text engagement: Quran surahs memorized,Spiritual/Cultural,False,Medium,N/A - Non-observable in conversation.,Spiritual metrics and practice counts require biographical history or external logs.
Trust in others,Trust in others,Personality/Cognitive,True,Low,"Measures the degree of 'Trust in others' expressed in the conversational style, word choice, or self-reported statements. Scale: 1 (Very Low/Absent) to 5 (Very High/Dominant).",
Gamified-finance-app usage,Gamified-finance-app usage,Biographical/External,False,Medium,N/A - Non-observable in conversation.,"Requires access to objective external records, biographical history, or quantitative tracking outside the conversation."
823. Buddhist practice: Eightfold Path – Right Intention level,Buddhist practice: Eightfold Path – Right Intention level,Spiritual/Cultural,False,Medium,N/A - Non-observable in conversation.,Spiritual metrics and practice counts require biographical history or external logs.
Caffeine intake (mg/day),Caffeine intake (mg/day),Biographical/External,False,Medium,N/A - Non-observable in conversation.,"Requires access to objective external records, biographical history, or quantitative tracking outside the conversation."
Comfort with Vulnerability,Comfort with Vulnerability,Personality/Cognitive,True,Low,"Measures the degree of 'Comfort with Vulnerability' expressed in the conversational style, word choice, or self-reported statements. Scale: 1 (Very Low/Absent) to 5 (Very High/Dominant).",
Anticipativeness,Anticipativeness,Personality/Cognitive,True,Low,"Measures the degree of 'Anticipativeness' expressed in the conversational style, word choice, or self-reported statements. Scale: 1 (Very Low/Absent) to 5 (Very High/Dominant).",
Additional Common Parameters and Their End Points:,Additional Common Parameters and Their End Points,Malformed/Header,False,Low,N/A - Non-observable in conversation.,"Header or structural category marker, not a concrete facet."
Avoiding:,Avoiding,Malformed/Header,False,Low,N/A - Non-observable in conversation.,"Header or structural category marker, not a concrete facet."
Home-security-system presence,Home-security-system presence,Biographical/External,False,Medium,N/A - Non-observable in conversation.,"Requires access to objective external records, biographical history, or quantitative tracking outside the conversation."
HEXACO domain: Honesty-Humility,HEXACO domain: Honesty-Humility,Personality/Cognitive,True,Low,"Measures the degree of 'HEXACO domain: Honesty-Humility' expressed in the conversational style, word choice, or self-reported statements. Scale: 1 (Very Low/Absent) to 5 (Very High/Dominant).",
Eating Habits (Home-Cooked vs. Eating Out),Eating Habits (Home-Cooked vs. Eating Out),Biographical/External,False,Medium,N/A - Non-observable in conversation.,"Requires access to objective external records, biographical history, or quantitative tracking outside the conversation."
Decision-Making Confidence,Decision-Making Confidence,Personality/Cognitive,True,Low,"Measures the degree of 'Decision-Making Confidence' expressed in the conversational style, word choice, or self-reported statements. Scale: 1 (Very Low/Absent) to 5 (Very High/Dominant).",
Alignment with societal roles,Alignment with societal roles,Personality/Cognitive,True,Low,"Measures the degree of 'Alignment with societal roles' expressed in the conversational style, word choice, or self-reported statements. Scale: 1 (Very Low/Absent) to 5 (Very High/Dominant).",
Connectedness: Belief in interconnections,Connectedness: Belief in interconnections,Personality/Cognitive,True,Low,"Measures the degree of 'Connectedness: Belief in interconnections' expressed in the conversational style, word choice, or self-reported statements. Scale: 1 (Very Low/Absent) to 5 (Very High/Dominant).",
Quirkiness,Quirkiness,Personality/Cognitive,True,Low,"Scores from 1 (very literal/conventional) to 5 (highly sarcastic, quirky, or eccentric language).",
Creative resilience,Creative resilience,Personality/Cognitive,True,Low,"Measures the degree of 'Creative resilience' expressed in the conversational style, word choice, or self-reported statements. Scale: 1 (Very Low/Absent) to 5 (Very High/Dominant).",
Rapid cognitive processing,Rapid cognitive processing,Personality/Cognitive,True,Low,"Measures the degree of 'Rapid cognitive processing' expressed in the conversational style, word choice, or self-reported statements. Scale: 1 (Very Low/Absent) to 5 (Very High/Dominant).",
Cordiality,Cordiality,Personality/Cognitive,True,Low,"Measures the degree of 'Cordiality' expressed in the conversational style, word choice, or self-reported statements. Scale: 1 (Very Low/Absent) to 5 (Very High/Dominant).",
Types of Mindfulness Techniques Used,Types of Mindfulness Techniques Used,Personality/Cognitive,True,Low,"Measures the degree of 'Types of Mindfulness Techniques Used' expressed in the conversational style, word choice, or self-reported statements. Scale: 1 (Very Low/Absent) to 5 (Very High/Dominant).",
Economic reasoning,Economic reasoning,Personality/Cognitive,True,Low,"Measures the degree of 'Economic reasoning' expressed in the conversational style, word choice, or self-reported statements. Scale: 1 (Very Low/Absent) to 5 (Very High/Dominant).",
Conformity,Conformity,Personality/Cognitive,True,Low,"Measures the degree of 'Conformity' expressed in the conversational style, word choice, or self-reported statements. Scale: 1 (Very Low/Absent) to 5 (Very High/Dominant).",
Pet-enrichment activities count,Pet-enrichment activities count,Biographical/External,False,Medium,N/A - Non-observable in conversation.,"Requires access to objective external records, biographical history, or quantitative tracking outside the conversation."
Aestheticism,Aestheticism,Personality/Cognitive,True,Low,"Measures the degree of 'Aestheticism' expressed in the conversational style, word choice, or self-reported statements. Scale: 1 (Very Low/Absent) to 5 (Very High/Dominant).",
Type of Support Preferred (Emotional vs. Practical),Type of Support Preferred (Emotional vs. Practical),Personality/Cognitive,True,Low,"Measures the degree of 'Type of Support Preferred (Emotional vs. Practical)' expressed in the conversational style, word choice, or self-reported statements. Scale: 1 (Very Low/Absent) to 5 (Very High/Dominant).",
Mental Arithmetic Speed,Mental Arithmetic Speed,Personality/Cognitive,True,Low,"Measures the degree of 'Mental Arithmetic Speed' expressed in the conversational style, word choice, or self-reported statements. Scale: 1 (Very Low/Absent) to 5 (Very High/Dominant).",
Patience: Resistance to anger,Patience: Resistance to anger,Personality/Cognitive,True,Low,"Scores from 1 (exceptionally polite/calm) to 5 (highly argumentative, hostile, or angry tone).",
Flawlessness,Flawlessness,Personality/Cognitive,True,Low,"Measures the degree of 'Flawlessness' expressed in the conversational style, word choice, or self-reported statements. Scale: 1 (Very Low/Absent) to 5 (Very High/Dominant).",
Self-Efficacy,Self-Efficacy,Personality/Cognitive,True,Low,"Measures the degree of 'Self-Efficacy' expressed in the conversational style, word choice, or self-reported statements. Scale: 1 (Very Low/Absent) to 5 (Very High/Dominant).",
Computer Skills:,Computer Skills,Malformed/Header,False,Low,N/A - Non-observable in conversation.,"Header or structural category marker, not a concrete facet."
899. Jewish spiritual metric: Shabbat candle-lighting consistency,Jewish spiritual metric: Shabbat candle-lighting consistency,Spiritual/Cultural,False,Medium,N/A - Non-observable in conversation.,Spiritual metrics and practice counts require biographical history or external logs.
Spelling Accuracy,Spelling Accuracy,Personality/Cognitive,True,Low,"Measures the degree of 'Spelling Accuracy' expressed in the conversational style, word choice, or self-reported statements. Scale: 1 (Very Low/Absent) to 5 (Very High/Dominant).",
793. Sufi practice: Dhikr repetitions / day,Sufi practice: Dhikr repetitions / day,Spiritual/Cultural,False,Medium,N/A - Non-observable in conversation.,Spiritual metrics and practice counts require biographical history or external logs.
Peacefulness,Peacefulness,Personality/Cognitive,True,Low,"Measures the degree of 'Peacefulness' expressed in the conversational style, word choice, or self-reported statements. Scale: 1 (Very Low/Absent) to 5 (Very High/Dominant).",
Doggedness,Doggedness,Personality/Cognitive,True,Low,"Measures the degree of 'Doggedness' expressed in the conversational style, word choice, or self-reported statements. Scale: 1 (Very Low/Absent) to 5 (Very High/Dominant).",
Decency,Decency,Personality/Cognitive,True,Low,"Measures the degree of 'Decency' expressed in the conversational style, word choice, or self-reported statements. Scale: 1 (Very Low/Absent) to 5 (Very High/Dominant).",
Processed-food frequency,Processed-food frequency,Biographical/External,False,Medium,N/A - Non-observable in conversation.,"Requires access to objective external records, biographical history, or quantitative tracking outside the conversation."
